model	task	layer	num_records	first_token_jsd	first_token_kl_full_to_pruned	first_token_kl_pruned_to_full	generation_mean_jsd	generation_mean_kl_full_to_pruned	generation_mean_kl_pruned_to_full	performance_Bleu_1	performance_Bleu_2	performance_Bleu_3	performance_Bleu_4	performance_CIDEr	performance_METEOR	performance_ROUGE_L	summary_path
llava-v1.5-7b	refcoco	0	500	0.10934991824626923	0.649905437156558	0.5266780396997929	0.10661300007067621	0.6100414698123932	0.569438866622746	0.12083729781156967	0.03571173030515488	0.010581224220798052	9.200972329675558e-07	0.1337459836759945	0.06490032466324805	0.13232250399336784	/data1/chenzixuan/open_source_projects/LLaVA_token_compression/jsd_kl_result_relation/outputs/topk_64/llava-v1.5-7b/refcoco/scoring_layer_0/layer_summary.json
llava-v1.5-7b	refcoco	1	500	0.06640880678780377	0.40304932489991185	0.2766677735224366	0.05576730620115995	0.337025242857635	0.2502088878490031	0.1879079354173178	0.06606447205890618	0.022518964603407705	0.009484830196188896	0.32911126331597046	0.11659008375130846	0.2131400339187473	/data1/chenzixuan/open_source_projects/LLaVA_token_compression/jsd_kl_result_relation/outputs/topk_64/llava-v1.5-7b/refcoco/scoring_layer_1/layer_summary.json
llava-v1.5-7b	refcoco	2	500	0.051869279837235806	0.2998015462383628	0.2102939320206642	0.03972592316381633	0.22430118676647545	0.17211299445107578	0.19211324570266528	0.0722323062409462	0.026480054882543503	0.013959245521408776	0.3356013301191597	0.12237637483622617	0.2194400371911486	/data1/chenzixuan/open_source_projects/LLaVA_token_compression/jsd_kl_result_relation/outputs/topk_64/llava-v1.5-7b/refcoco/scoring_layer_2/layer_summary.json
llava-v1.5-7b	refcoco	3	500	0.05605040466785431	0.3281382814347744	0.22824660971015692	0.043474396402947604	0.24816181945428253	0.1927301179021597	0.18721461187208505	0.06939265636524586	0.021046775399211765	0.00878397792031549	0.2913800385601169	0.11845535057114481	0.2113623246145405	/data1/chenzixuan/open_source_projects/LLaVA_token_compression/jsd_kl_result_relation/outputs/topk_64/llava-v1.5-7b/refcoco/scoring_layer_3/layer_summary.json
llava-v1.5-7b	refcoco	4	500	0.05630019311979413	0.3271870454922318	0.22917515695095061	0.04152193599380553	0.23370524453744293	0.180358340177685	0.17840531561455866	0.06252423389552117	0.019814672440660697	0.008472194864299797	0.2863896919552984	0.11209537715172203	0.20352982159656852	/data1/chenzixuan/open_source_projects/LLaVA_token_compression/jsd_kl_result_relation/outputs/topk_64/llava-v1.5-7b/refcoco/scoring_layer_4/layer_summary.json
llava-v1.5-7b	refcoco	5	500	0.051155639342963695	0.29909581553936004	0.20265321284532548	0.038978877207264305	0.222272629853338	0.16754145611450075	0.18687032824173322	0.06705154814793549	0.020534322163373926	0.00860800192044024	0.30325146484082416	0.11887909222654353	0.21928831443538171	/data1/chenzixuan/open_source_projects/LLaVA_token_compression/jsd_kl_result_relation/outputs/topk_64/llava-v1.5-7b/refcoco/scoring_layer_5/layer_summary.json
llava-v1.5-7b	refcoco	6	500	0.052851865792647	0.31226024458557367	0.20941467080265283	0.04189243827480823	0.23772847643494607	0.1812299718298018	0.19061583577706398	0.06560114709530687	0.018410314618428642	0.007941273835241977	0.3041169629023241	0.11951524995857436	0.22014080135654265	/data1/chenzixuan/open_source_projects/LLaVA_token_compression/jsd_kl_result_relation/outputs/topk_64/llava-v1.5-7b/refcoco/scoring_layer_6/layer_summary.json
llava-v1.5-7b	refcoco	7	500	0.05721111264079809	0.3299883691444993	0.2361725037768483	0.04562371608894318	0.258320095423609	0.20751264648512005	0.17116823950531365	0.054102587624372325	0.011218778943243798	9.733678832030301e-07	0.24824466221674374	0.10485135797459155	0.19228805840125374	/data1/chenzixuan/open_source_projects/LLaVA_token_compression/jsd_kl_result_relation/outputs/topk_64/llava-v1.5-7b/refcoco/scoring_layer_7/layer_summary.json
llava-v1.5-7b	refcoco	8	500	0.06631096225231886	0.4011053788512945	0.2756833671182394	0.05471764626540244	0.31839078605920074	0.25628165328502656	0.17072368421047016	0.061351338522456646	0.012265143650417266	1.0462230863236095e-06	0.23542714539940407	0.10286337747933372	0.19441594562575168	/data1/chenzixuan/open_source_projects/LLaVA_token_compression/jsd_kl_result_relation/outputs/topk_64/llava-v1.5-7b/refcoco/scoring_layer_8/layer_summary.json
llava-v1.5-7b	refcoco	9	500	0.05186267338320613	0.31395490720123054	0.20593930257111787	0.041490955979563295	0.24067540230974555	0.18053653249517082	0.1826258637709172	0.0699365569033792	0.024324700769342178	0.009833904239637996	0.2782193035131598	0.11324012089528375	0.21228115588372037	/data1/chenzixuan/open_source_projects/LLaVA_token_compression/jsd_kl_result_relation/outputs/topk_64/llava-v1.5-7b/refcoco/scoring_layer_9/layer_summary.json
llava-v1.5-7b	refcoco	10	500	0.06261833062767982	0.38488311326503755	0.2523681693896651	0.051355116746388374	0.3011261636689305	0.2289544769115746	0.17588605498503615	0.05542784049483445	0.011501995659369985	1.000438637457455e-06	0.2492896381254134	0.10711441345673614	0.1973144298280717	/data1/chenzixuan/open_source_projects/LLaVA_token_compression/jsd_kl_result_relation/outputs/topk_64/llava-v1.5-7b/refcoco/scoring_layer_10/layer_summary.json
llava-v1.5-7b	refcoco	11	500	0.06812057043984532	0.40349818755686284	0.28619647677242754	0.05407938507106155	0.31045409674197433	0.24580191092565656	0.16518883415429714	0.05158677508417134	0.01866886076594887	0.009579960987580367	0.2393357367723583	0.1003567709766893	0.18508201969899188	/data1/chenzixuan/open_source_projects/LLaVA_token_compression/jsd_kl_result_relation/outputs/topk_64/llava-v1.5-7b/refcoco/scoring_layer_11/layer_summary.json
llava-v1.5-7b	refcoco	12	500	0.05439925221912563	0.3326760519593954	0.21388671408593654	0.04415423234552145	0.25763706094026567	0.19105256233364343	0.19080234833653267	0.06898481734961452	0.016639319923955297	1.3096454533900252e-06	0.2984953294725461	0.11533837360578988	0.21817157566562492	/data1/chenzixuan/open_source_projects/LLaVA_token_compression/jsd_kl_result_relation/outputs/topk_64/llava-v1.5-7b/refcoco/scoring_layer_12/layer_summary.json
llava-v1.5-7b	refcoco	13	500	0.06012898217141628	0.3456407459527254	0.24989077102392912	0.045859005865640935	0.2562130052670836	0.21027822418883443	0.1697068403908242	0.05328651772745637	0.013999035346325515	1.1497374281640326e-06	0.26657200025019306	0.1066916688136131	0.2010958531773314	/data1/chenzixuan/open_source_projects/LLaVA_token_compression/jsd_kl_result_relation/outputs/topk_64/llava-v1.5-7b/refcoco/scoring_layer_13/layer_summary.json
llava-v1.5-7b	refcoco	14	500	0.038801592929288746	0.2099632364884019	0.15255980622768403	0.03128930717520416	0.16844257904216647	0.13403100422024727	0.179953688388958	0.06487057640023508	0.023196206184779383	1.6919508560300232e-06	0.28257559206275096	0.10920499609320765	0.20390365538448618	/data1/chenzixuan/open_source_projects/LLaVA_token_compression/jsd_kl_result_relation/outputs/topk_64/llava-v1.5-7b/refcoco/scoring_layer_14/layer_summary.json
llava-v1.5-7b	refcoco	15	500	0.04656517069227994	0.26976132760196925	0.18200859133154154	0.03466346019878983	0.1940069464854896	0.14707039320468904	0.18112329677627745	0.06470693417878041	0.018422461386692342	1.4267189551510195e-06	0.28973423980875007	0.11183245045265924	0.2097449576645036	/data1/chenzixuan/open_source_projects/LLaVA_token_compression/jsd_kl_result_relation/outputs/topk_64/llava-v1.5-7b/refcoco/scoring_layer_15/layer_summary.json
llava-v1.5-7b	refcoco	16	500	0.0402945901080966	0.2213064807727933	0.15749206436425447	0.029445208833552897	0.16046803340315818	0.12331213744357228	0.1932088285228546	0.07055768556728172	0.026167106131764036	0.012548947692593236	0.32135819649314223	0.11789171078790972	0.22252426834422576	/data1/chenzixuan/open_source_projects/LLaVA_token_compression/jsd_kl_result_relation/outputs/topk_64/llava-v1.5-7b/refcoco/scoring_layer_16/layer_summary.json
llava-v1.5-7b	refcoco	17	500	0.030105164204724134	0.16059194026887416	0.11695566502586006	0.025141356077510862	0.13630503244698047	0.10787611137330531	0.18985606579842706	0.069206838106764	0.027133957052839525	0.012956070160355812	0.32117232554502595	0.11837703011760639	0.21497069279878858	/data1/chenzixuan/open_source_projects/LLaVA_token_compression/jsd_kl_result_relation/outputs/topk_64/llava-v1.5-7b/refcoco/scoring_layer_17/layer_summary.json
llava-v1.5-7b	refcoco	18	500	0.03059796522744	0.16387962982058524	0.11833848818391561	0.03041773286741227	0.16498989551514387	0.13195191195048392	0.1888775856221808	0.07347588719991839	0.02808811589814531	0.014635419445403704	0.301838822868899	0.11555963249162701	0.21899248275938651	/data1/chenzixuan/open_source_projects/LLaVA_token_compression/jsd_kl_result_relation/outputs/topk_64/llava-v1.5-7b/refcoco/scoring_layer_18/layer_summary.json
llava-v1.5-7b	refcoco	19	500	0.02322947515267879	0.1142836339585483	0.09135174783691764	0.020873301230370997	0.10628267686069012	0.08494525796733797	0.19577800476670215	0.08016765460087932	0.03414679865498751	0.015342841628774317	0.349564458496677	0.12218696217164704	0.22146062918416778	/data1/chenzixuan/open_source_projects/LLaVA_token_compression/jsd_kl_result_relation/outputs/topk_64/llava-v1.5-7b/refcoco/scoring_layer_19/layer_summary.json
llava-v1.5-7b	refcoco	20	500	0.025344902087934315	0.12269342707842588	0.10204283263906837	0.022399553549010305	0.1119515130277723	0.09486699393577874	0.19419488597090734	0.07205212741632555	0.026771367799920995	0.012878547007952112	0.3400077265303481	0.11934260049490963	0.21938434865780485	/data1/chenzixuan/open_source_projects/LLaVA_token_compression/jsd_kl_result_relation/outputs/topk_64/llava-v1.5-7b/refcoco/scoring_layer_20/layer_summary.json
llava-v1.5-7b	refcoco	21	500	0.024110656631179155	0.11517146474495531	0.09690426572412253	0.02281836048513651	0.11441005909070373	0.09615414462983608	0.1925151719486876	0.07497253452302462	0.0242696562721398	0.009937204481864125	0.31489527786740135	0.1238845718993266	0.22181628503781065	/data1/chenzixuan/open_source_projects/LLaVA_token_compression/jsd_kl_result_relation/outputs/topk_64/llava-v1.5-7b/refcoco/scoring_layer_21/layer_summary.json
llava-v1.5-7b	refcoco	22	500	0.02512023759726435	0.12436097089201212	0.10139002725109458	0.02161584451375529	0.10668196207471192	0.0910868118070066	0.18861454046632764	0.07445061580783228	0.030698255375875203	0.016907696967066902	0.32814289511379535	0.11733607836651747	0.21284156146617444	/data1/chenzixuan/open_source_projects/LLaVA_token_compression/jsd_kl_result_relation/outputs/topk_64/llava-v1.5-7b/refcoco/scoring_layer_22/layer_summary.json
llava-v1.5-7b	refcoco	23	500	0.0310079791136086	0.15902749489620327	0.12433169125393033	0.02875775088276714	0.14957036110013724	0.12288572236523032	0.18029350104815503	0.06239290079846763	0.01611042106416082	1.3236887920610318e-06	0.29062388610134904	0.11194428161580595	0.1999594106964651	/data1/chenzixuan/open_source_projects/LLaVA_token_compression/jsd_kl_result_relation/outputs/topk_64/llava-v1.5-7b/refcoco/scoring_layer_23/layer_summary.json
llava-v1.5-7b	refcoco	24	500	0.02603711489867419	0.12518389205262065	0.10634553331136704	0.023533174249343574	0.11695291972532869	0.1005754056610167	0.18566552901017555	0.07313268574700889	0.024018464915517006	0.009919711164253888	0.3184760413872496	0.12034096316154828	0.21374001140277116	/data1/chenzixuan/open_source_projects/LLaVA_token_compression/jsd_kl_result_relation/outputs/topk_64/llava-v1.5-7b/refcoco/scoring_layer_24/layer_summary.json
llava-v1.5-7b	refcoco	25	500	0.02870720856729895	0.1461543439216912	0.11424287048727275	0.03089062807057053	0.16438630990684033	0.13276675579324365	0.17528243752133676	0.06310345702237016	0.01606458996206175	1.306934174281339e-06	0.287933125140294	0.11095127025632479	0.20100838035055968	/data1/chenzixuan/open_source_projects/LLaVA_token_compression/jsd_kl_result_relation/outputs/topk_64/llava-v1.5-7b/refcoco/scoring_layer_25/layer_summary.json
llava-v1.5-7b	refcoco	26	500	0.029538680285215377	0.15046887160092592	0.11839317122101783	0.02706143870484084	0.13907492804527283	0.11659975576400756	0.1733102253032328	0.06205915194449748	0.015987360624874557	1.3105999142269414e-06	0.29750906827616774	0.10917426782935014	0.19892772959611718	/data1/chenzixuan/open_source_projects/LLaVA_token_compression/jsd_kl_result_relation/outputs/topk_64/llava-v1.5-7b/refcoco/scoring_layer_26/layer_summary.json
llava-v1.5-7b	refcoco	27	500	0.05435598332807422	0.33454379215836527	0.21708291836827992	0.048671888884156946	0.28225131712853907	0.21943559166789056	0.18271442655268397	0.0698984742251797	0.026745599522330715	0.013887628332683656	0.27817950634296945	0.10863056917285577	0.20614938716434542	/data1/chenzixuan/open_source_projects/LLaVA_token_compression/jsd_kl_result_relation/outputs/topk_64/llava-v1.5-7b/refcoco/scoring_layer_27/layer_summary.json
llava-v1.5-7b	refcoco	28	500	0.037664598243311045	0.20727274872362614	0.14751043851673604	0.034339895769022404	0.18767694573104382	0.14741751675680279	0.1883814640697823	0.07346789679817432	0.026731438028002447	0.010662232127114089	0.309638329717969	0.11964717720068002	0.21467427009718143	/data1/chenzixuan/open_source_projects/LLaVA_token_compression/jsd_kl_result_relation/outputs/topk_64/llava-v1.5-7b/refcoco/scoring_layer_28/layer_summary.json
llava-v1.5-7b	refcoco	29	500	0.03539317187666893	0.19150544898211955	0.1395107701048255	0.030492012006230654	0.1634399733878672	0.129527187615633	0.1800478305431568	0.07557957071049967	0.029880638871604866	0.015389224296653512	0.31926427690331616	0.11257705804973184	0.2026789209946641	/data1/chenzixuan/open_source_projects/LLaVA_token_compression/jsd_kl_result_relation/outputs/topk_64/llava-v1.5-7b/refcoco/scoring_layer_29/layer_summary.json
llava-v1.5-7b	refcoco	30	500	0.04905766103416681	0.27182099436968565	0.19836472802609206	0.03822216122131795	0.20625023743137716	0.16589924614503979	0.17940979208578825	0.06418885232379039	0.012762581362150652	1.0882829918976369e-06	0.2986127089941056	0.11043178641064097	0.20373574546274859	/data1/chenzixuan/open_source_projects/LLaVA_token_compression/jsd_kl_result_relation/outputs/topk_64/llava-v1.5-7b/refcoco/scoring_layer_30/layer_summary.json
llava-v1.5-7b	refcoco	31	500	0.04356776518560946	0.24453441032022238	0.17322938078641892	0.03697621289640665	0.20353905131667852	0.15792128770053387	0.18747813920944825	0.06730522409057865	0.01695441144692688	1.376122749753077e-06	0.3224275359156591	0.11642128748827567	0.21067558291421223	/data1/chenzixuan/open_source_projects/LLaVA_token_compression/jsd_kl_result_relation/outputs/topk_64/llava-v1.5-7b/refcoco/scoring_layer_31/layer_summary.json
llava-v1.5-7b	refcoco_plus	0	500	0.11282522186636924	0.6723566336780786	0.5417264201194048	0.1092340034544468	0.6197196285426617	0.5828037478476763	0.11189034109017791	0.02763614651994584	0.010235064138758198	8.99613070232312e-07	0.10801440098775873	0.06362473248631535	0.12433544378171832	/data1/chenzixuan/open_source_projects/LLaVA_token_compression/jsd_kl_result_relation/outputs/topk_64/llava-v1.5-7b/refcoco_plus/scoring_layer_0/layer_summary.json
llava-v1.5-7b	refcoco_plus	1	500	0.06550365959480405	0.39092940172553065	0.2743908176869154	0.05454946128092706	0.3265812014862895	0.24022862788289787	0.18808129521178502	0.07712633850760427	0.03437979880328828	0.01716893648575166	0.3071988697953376	0.11699473810957361	0.214628682153913	/data1/chenzixuan/open_source_projects/LLaVA_token_compression/jsd_kl_result_relation/outputs/topk_64/llava-v1.5-7b/refcoco_plus/scoring_layer_1/layer_summary.json
llava-v1.5-7b	refcoco_plus	2	500	0.0512995158303529	0.28877530283480884	0.20776743898540737	0.039051007641479375	0.21951911736279725	0.1654342802837491	0.1886416472931954	0.07506302554822854	0.03227555869993815	0.012213473951550488	0.30501915607801094	0.12088537327654206	0.2167024848713678	/data1/chenzixuan/open_source_projects/LLaVA_token_compression/jsd_kl_result_relation/outputs/topk_64/llava-v1.5-7b/refcoco_plus/scoring_layer_2/layer_summary.json
llava-v1.5-7b	refcoco_plus	3	500	0.054747247034683824	0.3189217635318637	0.2233205291107297	0.04194696355052292	0.23845895322412253	0.1824887704178691	0.1735400857802133	0.06927919797222887	0.02770635723587661	1.930593210331772e-06	0.26719379624043016	0.11076287291238647	0.19981135433343206	/data1/chenzixuan/open_source_projects/LLaVA_token_compression/jsd_kl_result_relation/outputs/topk_64/llava-v1.5-7b/refcoco_plus/scoring_layer_3/layer_summary.json
llava-v1.5-7b	refcoco_plus	4	500	0.055579728167504075	0.31834525187313556	0.22841317155957222	0.04092370796669274	0.22913187271356583	0.1784436001740396	0.17647058823523515	0.07090736095893559	0.029333537260453537	2.028061505031873e-06	0.2624872850841675	0.11182637768648233	0.1982533951887503	/data1/chenzixuan/open_source_projects/LLaVA_token_compression/jsd_kl_result_relation/outputs/topk_64/llava-v1.5-7b/refcoco_plus/scoring_layer_4/layer_summary.json
llava-v1.5-7b	refcoco_plus	5	500	0.05111880732513964	0.2995658662468195	0.20350802408903837	0.039412596099078656	0.22611516267806292	0.1686680712737143	0.1745098039215116	0.06605107946155071	0.030195715421059626	2.0496412043619742e-06	0.2591917084047576	0.11376454262005395	0.1994678501998502	/data1/chenzixuan/open_source_projects/LLaVA_token_compression/jsd_kl_result_relation/outputs/topk_64/llava-v1.5-7b/refcoco_plus/scoring_layer_5/layer_summary.json
llava-v1.5-7b	refcoco_plus	6	500	0.05269425630569458	0.3096740523427725	0.20978468994796276	0.03999355711229145	0.22821815679222346	0.17191535402834415	0.17937806873971215	0.07060222600759017	0.026872308891031274	1.8795164836341333e-06	0.2694715727704446	0.11678027266985762	0.2053125233539317	/data1/chenzixuan/open_source_projects/LLaVA_token_compression/jsd_kl_result_relation/outputs/topk_64/llava-v1.5-7b/refcoco_plus/scoring_layer_6/layer_summary.json
llava-v1.5-7b	refcoco_plus	7	500	0.05725431452319026	0.33188023656606674	0.23910475353151558	0.046458439234644176	0.26414931021630766	0.2139881717339158	0.17281105990777723	0.06444732198180604	0.020125894305796914	1.517320434889277e-06	0.24332129769634414	0.11177862069976083	0.19707868202032874	/data1/chenzixuan/open_source_projects/LLaVA_token_compression/jsd_kl_result_relation/outputs/topk_64/llava-v1.5-7b/refcoco_plus/scoring_layer_7/layer_summary.json
llava-v1.5-7b	refcoco_plus	8	500	0.06627486932650209	0.39775554290413856	0.27743305575847627	0.053646994575858115	0.31253932970762255	0.24814305471628903	0.15992037159915065	0.055829957656969645	0.016682666262919296	1.3233283834266205e-06	0.21293848463716153	0.10169405926143807	0.18345570762665397	/data1/chenzixuan/open_source_projects/LLaVA_token_compression/jsd_kl_result_relation/outputs/topk_64/llava-v1.5-7b/refcoco_plus/scoring_layer_8/layer_summary.json
llava-v1.5-7b	refcoco_plus	9	500	0.0503312015235424	0.3019126511067152	0.20114924312382937	0.04135369582194835	0.23671207042038442	0.18345502254739404	0.17635270541076276	0.06831480082434757	0.022703430682523843	1.6729423158116278e-06	0.264683417952302	0.11636689775014858	0.2026422589192224	/data1/chenzixuan/open_source_projects/LLaVA_token_compression/jsd_kl_result_relation/outputs/topk_64/llava-v1.5-7b/refcoco_plus/scoring_layer_9/layer_summary.json
llava-v1.5-7b	refcoco_plus	10	500	0.06123390301316976	0.3734006095081568	0.24754223535954953	0.05066490694880486	0.2976672485768795	0.22712677082419394	0.16504854368926697	0.06131715159870655	0.020796769936899044	1.5422246293532772e-06	0.22668563472578798	0.10840134147968908	0.18804634219347854	/data1/chenzixuan/open_source_projects/LLaVA_token_compression/jsd_kl_result_relation/outputs/topk_64/llava-v1.5-7b/refcoco_plus/scoring_layer_10/layer_summary.json
llava-v1.5-7b	refcoco_plus	11	500	0.06667609153687953	0.3885756975412369	0.2821163797080517	0.05514600536599755	0.3202811281383038	0.25310757268220185	0.15792901335064868	0.055971250610789496	0.02195917337261441	1.6112686024795602e-06	0.22618221460133747	0.10686816970706842	0.18559220809114452	/data1/chenzixuan/open_source_projects/LLaVA_token_compression/jsd_kl_result_relation/outputs/topk_64/llava-v1.5-7b/refcoco_plus/scoring_layer_11/layer_summary.json
llava-v1.5-7b	refcoco_plus	12	500	0.053374862894415856	0.3262871065735817	0.20917176238447427	0.04286553497053683	0.25103380665928127	0.18155047254264356	0.17989590110599224	0.06475629427443094	0.022977467372917067	1.6661935025245372e-06	0.26572186859999497	0.11967140441674798	0.20960534437913042	/data1/chenzixuan/open_source_projects/LLaVA_token_compression/jsd_kl_result_relation/outputs/topk_64/llava-v1.5-7b/refcoco_plus/scoring_layer_12/layer_summary.json
llava-v1.5-7b	refcoco_plus	13	500	0.05798894023522735	0.3319255186617374	0.23991242204606533	0.046368202600628135	0.25859455316513774	0.21028638988733292	0.15484288953671693	0.056851810415314244	0.02213203744872785	1.6166716240365786e-06	0.23033347471007062	0.10350714685405173	0.18268054019119706	/data1/chenzixuan/open_source_projects/LLaVA_token_compression/jsd_kl_result_relation/outputs/topk_64/llava-v1.5-7b/refcoco_plus/scoring_layer_13/layer_summary.json
llava-v1.5-7b	refcoco_plus	14	500	0.038297671843320134	0.20970103342086077	0.14923251389712094	0.03134226868953556	0.172582843888551	0.13200790283828973	0.17921146953399178	0.0693785779318298	0.02534716813424402	1.79490450802608e-06	0.27303934128520485	0.11827175960698118	0.20342588900150646	/data1/chenzixuan/open_source_projects/LLaVA_token_compression/jsd_kl_result_relation/outputs/topk_64/llava-v1.5-7b/refcoco_plus/scoring_layer_14/layer_summary.json
llava-v1.5-7b	refcoco_plus	15	500	0.044850959618575874	0.2587689795345068	0.17443197905272245	0.034673759266734126	0.197359409481287	0.14576877500861884	0.18470705064542048	0.07655971489701466	0.027279984160797372	1.9113964798819193e-06	0.30330206159217155	0.12153207051353966	0.21419016215723136	/data1/chenzixuan/open_source_projects/LLaVA_token_compression/jsd_kl_result_relation/outputs/topk_64/llava-v1.5-7b/refcoco_plus/scoring_layer_15/layer_summary.json
llava-v1.5-7b	refcoco_plus	16	500	0.0402783216945827	0.22341681974381208	0.1568916552811861	0.030526428506709634	0.16748002849519253	0.1267326482459903	0.18693768743745853	0.07876452045843943	0.030330918523558917	2.0764381465079066e-06	0.2941209259333432	0.1204073044555154	0.21488657614802065	/data1/chenzixuan/open_source_projects/LLaVA_token_compression/jsd_kl_result_relation/outputs/topk_64/llava-v1.5-7b/refcoco_plus/scoring_layer_16/layer_summary.json
llava-v1.5-7b	refcoco_plus	17	500	0.030255256423726676	0.16122261273860933	0.11775513560324907	0.02448941869288683	0.1312706639636308	0.10113077492080629	0.18529810298096705	0.07628174446720185	0.03294940337331284	0.012528353882982552	0.2979205129549851	0.11896771173658344	0.20872927554371307	/data1/chenzixuan/open_source_projects/LLaVA_token_compression/jsd_kl_result_relation/outputs/topk_64/llava-v1.5-7b/refcoco_plus/scoring_layer_17/layer_summary.json
llava-v1.5-7b	refcoco_plus	18	500	0.031198996090330184	0.17074587858468293	0.12057107656821608	0.030438355850055814	0.1648917861953378	0.13118023230321704	0.19502487562182586	0.07826895866373472	0.028973303517416765	2.0016832442960863e-06	0.3057803320897568	0.1255210553805526	0.22241317658480445	/data1/chenzixuan/open_source_projects/LLaVA_token_compression/jsd_kl_result_relation/outputs/topk_64/llava-v1.5-7b/refcoco_plus/scoring_layer_18/layer_summary.json
llava-v1.5-7b	refcoco_plus	19	500	0.022668725362978877	0.112020691588521	0.08871473012864589	0.021234347448684274	0.10913434998691082	0.08646948470920324	0.20392289482576803	0.08785609375985376	0.036172461801336465	2.3873641176075305e-06	0.33462495368094713	0.12738033684840236	0.22866850705363279	/data1/chenzixuan/open_source_projects/LLaVA_token_compression/jsd_kl_result_relation/outputs/topk_64/llava-v1.5-7b/refcoco_plus/scoring_layer_19/layer_summary.json
llava-v1.5-7b	refcoco_plus	20	500	0.02518264640495181	0.12254250006005168	0.10093832381814719	0.022195999309886246	0.10943751974962651	0.09425946178846062	0.19293384135774405	0.07990823566993858	0.030026201181665896	2.1018715767230103e-06	0.3188404130810716	0.12188091672854484	0.2177481696895632	/data1/chenzixuan/open_source_projects/LLaVA_token_compression/jsd_kl_result_relation/outputs/topk_64/llava-v1.5-7b/refcoco_plus/scoring_layer_20/layer_summary.json
llava-v1.5-7b	refcoco_plus	21	500	0.023910477449186146	0.11437933847680688	0.09580671993643046	0.022993114220909775	0.1161248386092484	0.09681957774050534	0.1881287726357518	0.079316906694951	0.03056962647675835	0.011782991062073927	0.28918810889624114	0.11788066290024454	0.21036190120112241	/data1/chenzixuan/open_source_projects/LLaVA_token_compression/jsd_kl_result_relation/outputs/topk_64/llava-v1.5-7b/refcoco_plus/scoring_layer_21/layer_summary.json
llava-v1.5-7b	refcoco_plus	22	500	0.02515879661217332	0.12537206040322782	0.10009502632915973	0.022530339560471475	0.11166175594553351	0.09702907573990524	0.18316151202742847	0.07549865598004461	0.028794642231645202	2.028518566238443e-06	0.29797018498575994	0.11594489852572237	0.2050810659222998	/data1/chenzixuan/open_source_projects/LLaVA_token_compression/jsd_kl_result_relation/outputs/topk_64/llava-v1.5-7b/refcoco_plus/scoring_layer_22/layer_summary.json
llava-v1.5-7b	refcoco_plus	23	500	0.030993129490874707	0.1612881280630827	0.12306501319631934	0.028619442027062177	0.1513842244334519	0.12109761438518762	0.17804459691246036	0.07080440673037146	0.028668046649967534	2.0200376634565707e-06	0.28384404718674855	0.1149383555367486	0.19867240354862487	/data1/chenzixuan/open_source_projects/LLaVA_token_compression/jsd_kl_result_relation/outputs/topk_64/llava-v1.5-7b/refcoco_plus/scoring_layer_23/layer_summary.json
llava-v1.5-7b	refcoco_plus	24	500	0.025554917470552028	0.12188362883217632	0.10410123354755342	0.023993579247035088	0.11704083101078867	0.10290669099241495	0.19819193324054304	0.08066164416066633	0.03261122419329066	2.2406329491075844e-06	0.3267317751093377	0.12414428707137665	0.22528385054694136	/data1/chenzixuan/open_source_projects/LLaVA_token_compression/jsd_kl_result_relation/outputs/topk_64/llava-v1.5-7b/refcoco_plus/scoring_layer_24/layer_summary.json
llava-v1.5-7b	refcoco_plus	25	500	0.029188405035994947	0.14894379033893346	0.11610820572450757	0.03189751193206757	0.17123881736397742	0.13633186446502804	0.18677966101688584	0.07460074753202942	0.0333527539698606	0.015037977153954768	0.30357665420643115	0.12041770352922447	0.2130031608108493	/data1/chenzixuan/open_source_projects/LLaVA_token_compression/jsd_kl_result_relation/outputs/topk_64/llava-v1.5-7b/refcoco_plus/scoring_layer_25/layer_summary.json
llava-v1.5-7b	refcoco_plus	26	500	0.029854069776833057	0.14866089724376796	0.12046116222441196	0.02769278236757964	0.13990996157750488	0.11894506453350186	0.186559327966333	0.07601339380653581	0.0291979779660899	2.0695199649546386e-06	0.29904951647200984	0.11231536908770158	0.2095780006522311	/data1/chenzixuan/open_source_projects/LLaVA_token_compression/jsd_kl_result_relation/outputs/topk_64/llava-v1.5-7b/refcoco_plus/scoring_layer_26/layer_summary.json
llava-v1.5-7b	refcoco_plus	27	500	0.0539532427676022	0.333190570525825	0.21263721396028995	0.04972122914064676	0.2911245066076517	0.21875570039078593	0.17682119205292157	0.06212240082042214	0.021218028702252197	1.583317009625897e-06	0.2605783887352501	0.11592450944400866	0.20351677125922488	/data1/chenzixuan/open_source_projects/LLaVA_token_compression/jsd_kl_result_relation/outputs/topk_64/llava-v1.5-7b/refcoco_plus/scoring_layer_27/layer_summary.json
llava-v1.5-7b	refcoco_plus	28	500	0.038579056767746804	0.21359522294998168	0.15175481329858304	0.034658198275603354	0.19057022996991874	0.15086194028705358	0.19425901201595652	0.08181209668507855	0.03328810438787787	0.014901891570504932	0.30513048213337796	0.12556000811269466	0.22013905844273735	/data1/chenzixuan/open_source_projects/LLaVA_token_compression/jsd_kl_result_relation/outputs/topk_64/llava-v1.5-7b/refcoco_plus/scoring_layer_28/layer_summary.json
llava-v1.5-7b	refcoco_plus	29	500	0.03753568093944341	0.20188568135723473	0.1486154034025967	0.029732184431515634	0.1557155488729477	0.12440551436692476	0.1849122807016895	0.07368405055170943	0.027387838930635094	0.011106695915258162	0.3217949087444731	0.11696434931677292	0.2116305674087663	/data1/chenzixuan/open_source_projects/LLaVA_token_compression/jsd_kl_result_relation/outputs/topk_64/llava-v1.5-7b/refcoco_plus/scoring_layer_29/layer_summary.json
llava-v1.5-7b	refcoco_plus	30	500	0.049962190613150596	0.2769785347506404	0.20257315748929977	0.03895372430235147	0.21404584063589574	0.16912649995833634	0.17112843104026731	0.060831337230086574	0.023679098596014622	1.7392300133332134e-06	0.2640860106282067	0.11271610279994645	0.19650233722482824	/data1/chenzixuan/open_source_projects/LLaVA_token_compression/jsd_kl_result_relation/outputs/topk_64/llava-v1.5-7b/refcoco_plus/scoring_layer_30/layer_summary.json
llava-v1.5-7b	refcoco_plus	31	500	0.04509181492589414	0.2502140928097069	0.18048260306939481	0.036907460095360875	0.20461301710829138	0.1546600872837007	0.19252271139056865	0.07553531733455807	0.02904937606327404	0.011582660575547096	0.31385429061590375	0.12028784275322485	0.21327158075640026	/data1/chenzixuan/open_source_projects/LLaVA_token_compression/jsd_kl_result_relation/outputs/topk_64/llava-v1.5-7b/refcoco_plus/scoring_layer_31/layer_summary.json
